{"cameraMode":{"drawMode":0,"name":"Shaded","section":"Shading Mode"},"sceneLighting":false,"audioPlay":false,"sceneViewState":{"showFog":true,"showMaterialUpdate":false,"showSkybox":false,"showFlares":true,"showImageEffects":true,"showParticleSystems":true},"in2DMode":false,"pivot":{"x":6.49505615234375,"y":2.7944226264953615,"z":-34.073246002197269},"rotation":{"x":0.22903411090373994,"y":0.1078685075044632,"z":-0.02594543620944023,"w":0.9674892425537109},"size":10.40414810180664,"orthographic":false}