{"cameraMode":{"drawMode":0,"name":"Shaded","section":"Shading Mode"},"sceneLighting":false,"audioPlay":false,"sceneViewState":{"showFog":true,"showMaterialUpdate":false,"showSkybox":false,"showFlares":true,"showImageEffects":true,"showParticleSystems":true},"in2DMode":false,"pivot":{"x":15.001157760620118,"y":3.9845123291015627,"z":-10.241410255432129},"rotation":{"x":0.18523313105106355,"y":0.6794824600219727,"z":-0.18308690190315247,"w":0.6863518357276917},"size":12.571632385253907,"orthographic":false}